Workbook

Sheet 00_总览
A1: 三方平台业务模式与单据类型全量清单 V1.1
A4: 平台总数 | B4: 15 | C4: 单据候选条目 | D4: 114 | E4: 模式组合 | F4: 94 | G4: 核对日期 | H4: 2026-10-21
A6: 适用原则 / 数据边界
A8: • 覆盖范围：15 个平台的销售、供货、采购、备货、入仓、发货、逆向类业务对象；不是宣称所有官方单据已核齐。
A9: • 拆分规则：同平台同店铺不同履约模式，拆分不同 ERP 单据类型；平台单据对象不同，也拆分。
A10: • 标记“官方证据确认”仅表示业务模式或业务对象有公开官方证据，不等于API可用/当前已授权。
A11: • “行业证据，官方待核”和“候选待核”不可直接进入生产枚举；需业务负责人核实后转为正式。
A12: • 单据编码是 ERP 拟定标识，非平台官方枚举；模式编码也是本次资料治理编号。
A13: • 原始平台销售订单与仓库出库单、物流单有上下游关系，不能把所有下游内部单据都当成平台原始API单据。
A14: • ERP 接口 V1.0.0 的 398 条API属于平台级事实库；未逐条审查每一履约模式可用性，接口表不冒充已验证。
A15: • 全托管：只登记类型，不设计具体业务处理规则，由独立团队确认。
A18: 平台 | B18: 单据条目 | C18: 官方证据确认 | D18: 行业证据 | E18: 候选待核 | F18: 业务模式组合 | G18: 逆向条目 | H18: 备注
A19: Temu | B19: 6 | C19: 0 | D19: 3 | E19: 3 | F19: 5 | G19: 1 | H19: 详细内容见02_单据类型主表
A20: TikTok Shop | B20: 10 | C20: 5 | D20: 0 | E20: 5 | F20: 9 | G20: 1 | H20: 详细内容见02_单据类型主表
A21: Shopee | B21: 10 | C21: 2 | D21: 2 | E21: 6 | F21: 9 | G21: 1 | H21: 详细内容见02_单据类型主表
A22: Lazada | B22: 7 | C22: 2 | D22: 1 | E22: 4 | F22: 5 | G22: 2 | H22: 详细内容见02_单据类型主表
A23: SHEIN | B23: 12 | C23: 8 | D23: 0 | E23: 4 | F23: 9 | G23: 1 | H23: 详细内容见02_单据类型主表
A24: AliExpress | B24: 11 | C24: 7 | D24: 2 | E24: 2 | F24: 8 | G24: 1 | H24: 详细内容见02_单据类型主表
A25: Amazon | B25: 9 | C25: 3 | D25: 1 | E25: 5 | F25: 8 | G25: 1 | H25: 详细内容见02_单据类型主表
A26: 1688 | B26: 6 | C26: 0 | D26: 2 | E26: 4 | F26: 6 | G26: 1 | H26: 详细内容见02_单据类型主表
A27: 拼多多 | B27: 4 | C27: 0 | D27: 1 | E27: 3 | F27: 4 | G27: 1 | H27: 详细内容见02_单据类型主表
A28: Wildberries | B28: 9 | C28: 8 | D28: 0 | E28: 1 | F28: 8 | G28: 1 | H28: 详细内容见02_单据类型主表
A29: Yandex Market | B29: 10 | C29: 9 | D29: 0 | E29: 1 | F29: 8 | G29: 1 | H29: 详细内容见02_单据类型主表
A30: Ozon | B30: 7 | C30: 6 | D30: 0 | E30: 1 | F30: 6 | G30: 1 | H30: 详细内容见02_单据类型主表
... A33: Qoo10 | B33: 5 | C33: 3 | D33: 0 | E33: 2 | F33: 3 | G33: 2 | H33: 详细内容见02_单据类型主表

Sheet 00A_平台单据类型汇总
A1: 15个平台单据类型汇总 · V1.1
A3: 数据源：02_单据类型主表 | 单据数量及核实状态通过公式统计 | 业务模式确认与 API 可调用性独立管理
A5: 平台总数 | B5: =COUNTA(B8:B22) -> 15 | C5: 单据候选条目 | D5: =SUM(C8:C22) -> 114 | E5: 官方证据 | F5: =SUM(E8:E22) -> 58 | G5: 候选待核 | H5: =SUM(G8:G22) -> 44
A6: 说明：“主要单据类型”为便于快速浏览的概览，完整候选名单请点击每行“查看明细”至主表；“官方证据”仅表示业务模式有官方依据，不代表 API 已验证可调用。
A7: 序号 | B7: 平台 | C7: 单据类型数量 | D7: 主要单据类型 | E7: 官方证据 | F7: 行业证据 | G7: 候选待核 | H7: 明细
A8: 1 | B8: Temu | C8: =COUNTIF('02_单据类型主表'!$B$2:$B$1000,$B8) -> 6 | D8: 半托管本地仓、Y2、本土店、全托管备货、全托管发货、售后 | E8: =COUNTIFS('02_单据类型主表'!$B$2:$B$1000,$B8,'02_单据类型主表'!$I$2:$I$1000,"官方证据确认") -> 0 | F8: =COUNTIFS('02_单据类型主表'!$B$2:$B$1000,$B8,'02_单据类型主表'!$I$2:$I$1000,"行业证据，官方待核") -> 3 | G8: =COUNTIFS('02_单据类型主表'!$B$2:$B$1000,$B8,'02_单据类型主表'!$I$2:$I$1000,"候选待核") -> 3 | H8: 查看明细 →
A9: 2 | B9: TikTok Shop | C9: =COUNTIF('02_单据类型主表'!$B$2:$B$1000,$B9) -> 10 | D9: 本土卖家物流、平台物流、CBT、FBT入仓、FBT订单、跨境订单、半托管候选、全托管候选、售后 | E9: =COUNTIFS('02_单据类型主表'!$B$2:$B$1000,$B9,'02_单据类型主表'!$I$2:$I$1000,"官方证据确认") -> 5 | F9: =COUNTIFS('02_单据类型主表'!$B$2:$B$1000,$B9,'02_单据类型主表'!$I$2:$I$1000,"行业证据，官方待核") -> 0 | G9: =COUNTIFS('02_单据类型主表'!$B$2:$B$1000,$B9,'02_单据类型主表'!$I$2:$I$1000,"候选待核") -> 5 | H9: 查看明细 →
A10: 3 | B10: Shopee | C10: =COUNTIF('02_单据类型主表'!$B$2:$B$1000,$B10) -> 10 | D10: SLS跨境直邮、3PF、本土订单、FBS入仓、FBS订单、PFF不同履约分支、售后 | E10: =COUNTIFS('02_单据类型主表'!$B$2:$B$1000,$B10,'02_单据类型主表'!$I$2:$I$1000,"官方证据确认") -> 2 | F10: =COUNTIFS('02_单据类型主表'!$B$2:$B$1000,$B10,'02_单据类型主表'!$I$2:$I$1000,"行业证据，官方待核") -> 2 | G10: =COUNTIFS('02_单据类型主表'!$B$2:$B$1000,$B10,'02_单据类型主表'!$I$2:$I$1000,"候选待核") -> 6 | H10: 查看明细 →
A11: 4 | B11: Lazada | C11: =COUNTIF('02_单据类型主表'!$B$2:$B$1000,$B11) -> 7 | D11: 本土Dropship、跨境LGS、跨境自发货、FBL入仓、FBL订单、FBL退仓、售后 | E11: =COUNTIFS('02_单据类型主表'!$B$2:$B$1000,$B11,'02_单据类型主表'!$I$2:$I$1000,"官方证据确认") -> 2 | F11: =COUNTIFS('02_单据类型主表'!$B$2:$B$1000,$B11,'02_单据类型主表'!$I$2:$I$1000,"行业证据，官方待核") -> 1 | G11: =COUNTIFS('02_单据类型主表'!$B$2:$B$1000,$B11,'02_单据类型主表'!$I$2:$I$1000,"候选待核") -> 4 | H11: 查看明细 →
A12: 5 | B12: SHEIN | C12: =COUNTIF('02_单据类型主表'!$B$2:$B$1000,$B12) -> 12 | D12: 自运营客单、半托管客单、全托管采购/备货、备货发货、自营采购、美国及跨境POP、售后 | E12: =COUNTIFS('02_单据类型主表'!$B$2:$B$1000,$B12,'02_单据类型主表'!$I$2:$I$1000,"官方证据确认") -> 8 | F12: =COUNTIFS('02_单据类型主表'!$B$2:$B$1000,$B12,'02_单据类型主表'!$I$2:$I$1000,"行业证据，官方待核") -> 0 | G12: =COUNTIFS('02_单据类型主表'!$B$2:$B$1000,$B12,'02_单据类型主表'!$I$2:$I$1000,"候选待核") -> 4 | H12: 查看明细 →
A13: 6 | B13: AliExpress | C13: =COUNTIF('02_单据类型主表'!$B$2:$B$1000,$B13) -> 11 | D13: POP自发货、平台物流、半托管JIT、优选仓、Choice JIT、Choice海外仓、供货、售后 | E13: =COUNTIFS('02_单据类型主表'!$B$2:$B$1000,$B13,'02_单据类型主表'!$I$2:$I$1000,"官方证据确认") -> 7 | F13: =COUNTIFS('02_单据类型主表'!$B$2:$B$1000,$B13,'02_单据类型主表'!$I$2:$I$1000,"行业证据，官方待核") -> 2 | G13: =COUNTIFS('02_单据类型主表'!$B$2:$B$1000,$B13,'02_单据类型主表'!$I$2:$I$1000,"候选待核") -> 2 | H13: 查看明细 →
A14: 7 | B14: Amazon | C14: =COUNTIF('02_单据类型主表'!$B$2:$B$1000,$B14) -> 9 | D14: FBM、SFP、Easy Ship、FBA入仓、FBA订单、MCF、Vendor采购、Vendor直发、售后 | E14: =COUNTIFS('02_单据类型主表'!$B$2:$B$1000,$B14,'02_单据类型主表'!$I$2:$I$1000,"官方证据确认") -> 3 | F14: =COUNTIFS('02_单据类型主表'!$B$2:$B$1000,$B14,'02_单据类型主表'!$I$2:$I$1000,"行业证据，官方待核") -> 1 | G14: =COUNTIFS('02_单据类型主表'!$B$2:$B$1000,$B14,'02_单据类型主表'!$I$2:$I$1000,"候选待核") -> 5 | H14: 查看明细 →
A15: 8 | B15: 1688 | C15: =COUNTIF('02_单据类型主表'!$B$2:$B$1000,$B15) -> 6 | D15: 现货销售、采购、分销代发、加工定制、订货/预售、售后 | E15: =COUNTIFS('02_单据类型主表'!$B$2:$B$1000,$B15,'02_单据类型主表'!$I$2:$I$1000,"官方证据确认") -> 0 | F15: =COUNTIFS('02_单据类型主表'!$B$2:$B$1000,$B15,'02_单据类型主表'!$I$2:$I$1000,"行业证据，官方待核") -> 2 | G15: =COUNTIFS('02_单据类型主表'!$B$2:$B$1000,$B15,'02_单据类型主表'!$I$2:$I$1000,"候选待核") -> 4 | H15: 查看明细 →
A16: 9 | B16: 拼多多 | C16: =COUNTIF('02_单据类型主表'!$B$2:$B$1000,$B16) -> 4 | D16: 普通销售、平台指定物流候选、批发候选、售后 | E16: =COUNTIFS('02_单据类型主表'!$B$2:$B$1000,$B16,'02_单据类型主表'!$I$2:$I$1000,"官方证据确认") -> 0 | F16: =COUNTIFS('02_单据类型主表'!$B$2:$B$1000,$B16,'02_单据类型主表'!$I$2:$I$1000,"行业证据，官方待核") -> 1 | G16: =COUNTIFS('02_单据类型主表'!$B$2:$B$1000,$B16,'02_单据类型主表'!$I$2:$I$1000,"候选待核") -> 3 | H16: 查看明细 →
A17: 10 | B17: Wildberries | C17: =COUNTIF('02_单据类型主表'!$B$2:$B$1000,$B17) -> 9 | D17: FBW供货、FBW订单、FBS、DBS、DBS自送站点、EDBS、DBW、C&C、售后 | E17: =COUNTIFS('02_单据类型主表'!$B$2:$B$1000,$B17,'02_单据类型主表'!$I$2:$I$1000,"官方证据确认") -> 8 | F17: =COUNTIFS('02_单据类型主表'!$B$2:$B$1000,$B17,'02_单据类型主表'!$I$2:$I$1000,"行业证据，官方待核") -> 0 | G17: =COUNTIFS('02_单据类型主表'!$B$2:$B$1000,$B17,'02_单据类型主表'!$I$2:$I$1000,"候选待核") -> 1 | H17: 查看明细 →
A18: 11 | B18: Yandex Market | C18: =COUNTIF('02_单据类型主表'!$B$2:$B$1000,$B18) -> 10 | D18: FBY供货/订单、FBS、DBS、Express、跨境FBS、FBS Last Mile、FBP供货/订单、售后 | E18: =COUNTIFS('02_单据类型主表'!$B$2:$B$1000,$B18,'02_单据类型主表'!$I$2:$I$1000,"官方证据确认") -> 9 | F18: =COUNTIFS('02_单据类型主表'!$B$2:$B$1000,$B18,'02_单据类型主表'!$I$2:$I$1000,"行业证据，官方待核") -> 0 | G18: =COUNTIFS('02_单据类型主表'!$B$2:$B$1000,$B18,'02_单据类型主表'!$I$2:$I$1000,"候选待核") -> 1 | H18: 查看明细 →
A19: 12 | B19: Ozon | C19: =COUNTIF('02_单据类型主表'!$B$2:$B$1000,$B19) -> 7 | D19: FBO供货/订单、FBS、realFBS、realFBS Comfort、realFBS Express、售后 | E19: =COUNTIFS('02_单据类型主表'!$B$2:$B$1000,$B19,'02_单据类型主表'!$I$2:$I$1000,"官方证据确认") -> 6 | F19: =COUNTIFS('02_单据类型主表'!$B$2:$B$1000,$B19,'02_单据类型主表'!$I$2:$I$1000,"行业证据，官方待核") -> 0 | G19: =COUNTIFS('02_单据类型主表'!$B$2:$B$1000,$B19,'02_单据类型主表'!$I$2:$I$1000,"候选待核") -> 1 | H19: 查看明细 →
... A22: 15 | B22: Qoo10 | C22: =COUNTIF('02_单据类型主表'!$B$2:$B$1000,$B22) -> 5 | D22: 普通销售、QWMS入仓、QWMS订单、QWMS退仓候选、售后 | E22: =COUNTIFS('02_单据类型主表'!$B$2:$B$1000,$B22,'02_单据类型主表'!$I$2:$I$1000,"官方证据确认") -> 3 | F22: =COUNTIFS('02_单据类型主表'!$B$2:$B$1000,$B22,'02_单据类型主表'!$I$2:$I$1000,"行业证据，官方待核") -> 0 | G22: =COUNTIFS('02_单据类型主表'!$B$2:$B$1000,$B22,'02_单据类型主表'!$I$2:$I$1000,"候选待核") -> 2 | H22: 查看明细 →
B23: 合计 | C23: =SUM(C8:C22) -> 114 | D23: 与单据类型主表保持一致（可筛选、可跳转查看） | E23: =SUM(E8:E22) -> 58 | F23: =SUM(F8:F22) -> 12 | G23: =SUM(G8:G22) -> 44

Sheet 01_平台业务模式
A1: 模式编码 | B1: 平台 | C1: 店铺类型 | D1: 业务模式 | E1: 履约模式 | F1: 业务核实状态 | G1: 业务证据说明 | H1: 业务证据链接 | I1: 关联单据数 | J1: 备注
A2: M-001 | B2: Temu | C2: 跨境商家 | D2: 半托管 | E2: 海外本地仓→商家尾程 | F2: 行业证据，官方待核 | G2: 行业报道确认半托管 | H2: https://www.ft.com/content/5a562326-df49-433d-8e8b-d015a55c46bb | I2: 1 | J2: 商家身份和履约线路分开保存
A3: M-002 | B3: Temu | C3: 跨境商家 | D3: Y2（待核） | E3: 中国境内发货→跨境运输 | F3: 候选待核 | G3: 仅行业材料，未找到可核验官方定义 | H3: https://ask.cocoloop.cn/news/temu-2026-q4-half-managed-y2-fulfillment | I3: 1 | J3: 商家身份和履约线路分开保存
A4: M-003 | B4: Temu | C4: 本土商家 | D4: Local Seller | E4: 本地仓→本地配送 | F4: 行业证据，官方待核 | G4: 行业报道确认本地履约方向 | H4: https://www.wsj.com/business/retail/temu-stops-china-shipments-to-u-s-consumers-4dd25d00 | I4: 1 | J4: 商家身份和履约线路分开保存
A5: M-004 | B5: Temu | C5: 全托管供应商 | D5: 全托管 | E5: 平台仓储/备货及消费者履约 | F5: 行业证据，官方待核 | G5: 行业报道确认全托管履约 | H5: https://www.ft.com/content/ff9993d7-969b-48ff-b7e9-d92b842c0645 | I5: 2 | J5: 商家身份和履约线路分开保存
A6: M-005 | B6: TikTok Shop | C6: 本土店 | D6: 自运营 | E6: Seller Shipping 卖家承运商 | F6: 官方证据确认 | G6: 官方（美国站） | H6: https://seller-us.tiktok.com/university/essay?knowledge_id=7740101263378189 | I6: 1 | J6: 商家身份和履约线路分开保存
A7: M-006 | B7: TikTok Shop | C7: 本土店 | D7: 自运营 | E7: TikTok Shipping Standard | F7: 官方证据确认 | G7: 官方（美国站） | H7: https://seller-us.tiktok.com/university/essay?knowledge_id=7740101263378189 | I7: 1 | J7: 商家身份和履约线路分开保存
A8: M-007 | B8: TikTok Shop | C8: 本土店 | D8: 自运营 | E8: TikTok Shipping CBT揽收 | F8: 官方证据确认 | G8: 官方（美国站） | H8: https://seller-us.tiktok.com/university/essay?knowledge_id=7740101263378189 | I8: 1 | J8: 商家身份和履约线路分开保存
A9: M-008 | B9: TikTok Shop | C9: 本土店 | D9: FBT | E9: 平台仓储/备货及消费者履约 | F9: 官方证据确认 | G9: 官方（美国站） | H9: https://seller-us.tiktok.com/university/essay?knowledge_id=8644984183162670 | I9: 2 | J9: 商家身份和履约线路分开保存
A10: M-009 | B10: TikTok Shop | C10: 跨境店 | D10: 跨境自运营 | E10: 跨境平台物流 | F10: 候选待核 | G10: 官方（美国站） | H10: https://seller-us.tiktok.com/university/essay?knowledge_id=7740101263378189 | I10: 1 | J10: 商家身份和履约线路分开保存
A11: M-010 | B11: TikTok Shop | C11: 跨境店 | D11: 跨境自运营 | E11: 跨境卖家物流 | F11: 候选待核 | G11: 官方（美国站） | H11: https://seller-us.tiktok.com/university/essay?knowledge_id=7740101263378189 | I11: 1 | J11: 商家身份和履约线路分开保存
A12: M-011 | B12: TikTok Shop | C12: 跨境商家 | D12: 半托管（候选） | E12: 约定半托管物流 | F12: 候选待核 | G12: 官方（美国站） | H12: https://seller-us.tiktok.com/university/essay?knowledge_id=7740101263378189 | I12: 1 | J12: 商家身份和履约线路分开保存
A13: M-012 | B13: TikTok Shop | C13: 全托管供应商 | D13: 全托管（候选） | E13: 供货至平台指定仓 | F13: 候选待核 | G13: 官方（美国站） | H13: https://seller-us.tiktok.com/university/essay?knowledge_id=7740101263378189 | I13: 1 | J13: 商家身份和履约线路分开保存
... A95: M-094 | B95: Qoo10 | C95: 适用经营店铺 | D95: 售后/逆向 | E95: 退货/退款按具体模式判定 | F95: 候选待核 | G95: 官方日本站QWMS说明 | H95: https://www.qoo10.jp/gmkt.inc/Mobile/Company/jp/SupportGuide.aspx | I95: 1 | J95: 商家身份和履约线路分开保存

Sheet 02_单据类型主表
A1: 单据编码（ERP拟定） | B1: 平台 | C1: 店铺类型 | D1: 业务模式 | E1: 履约模式 | F1: 单据对象 | G1: 建议单据类型名称 | H1: 供应链阶段 | I1: 业务证据状态 | J1: 单据对象核实 | K1: API状态（独立） | L1: ERP调用权限 | M1: 模式编码 | N1: 对象归属 | O1: 核实说明 | P1: 参考证据链接
A2: TEMU-001 | B2: Temu | C2: 跨境商家 | D2: 半托管 | E2: 海外本地仓→商家尾程 | F2: 销售订单 | G2: Temu半托管本地仓订单 | H2: 销售 | I2: 行业证据，官方待核 | J2: ERP拟定分类；独立平台单据编码待核 | K2: 平台级接口目录/当前Demo已收录；模式级端点待核 | L2: 未验证（不可推断已获授权） | M2: M-001 | N2: 平台业务单据 | O2: 与Y2、中国直发区分 | P2: https://www.ft.com/content/5a562326-df49-433d-8e8b-d015a55c46bb
A3: TEMU-002 | B3: Temu | C3: 跨境商家 | D3: Y2（待核） | E3: 中国境内发货→跨境运输 | F3: 销售订单 | G3: Temu Y2订单 | H3: 销售 | I3: 候选待核 | J3: ERP拟定分类；独立平台单据编码待核 | K3: 平台级接口目录/当前Demo已收录；模式级端点待核 | L3: 未验证（不可推断已获授权） | M3: M-002 | N3: 平台业务单据 | O3: 官网一手材料和真实识别字段均未核实；不得默认正式可接入 | P3: https://ask.cocoloop.cn/news/temu-2026-q4-half-managed-y2-fulfillment
A4: TEMU-003 | B4: Temu | C4: 本土商家 | D4: Local Seller | E4: 本地仓→本地配送 | F4: 销售订单 | G4: Temu本土店订单 | H4: 销售 | I4: 行业证据，官方待核 | J4: ERP拟定分类；独立平台单据编码待核 | K4: 平台级接口目录/当前Demo已收录；模式级端点待核 | L4: 未验证（不可推断已获授权） | M4: M-003 | N4: 平台业务单据 | O4: 行业报道确认本地履约方向 | P4: https://www.wsj.com/business/retail/temu-stops-china-shipments-to-u-s-consumers-4dd25d00
A5: TEMU-004 | B5: Temu | C5: 全托管供应商 | D5: 全托管 | E5: 供应商备货至指定仓 | F5: 备货单 | G5: Temu全托管备货单 | H5: 备货 | I5: 行业证据，官方待核 | J5: ERP拟定分类；独立平台单据编码待核 | K5: 平台级接口目录/当前Demo已收录；模式级端点待核 | L5: 未验证（不可推断已获授权） | M5: M-004 | N5: 平台业务单据 | O5: 单据对象按既定业务目录收录；字段/接口待全托管负责人确认 | P5: https://www.ft.com/content/ff9993d7-969b-48ff-b7e9-d92b842c0645
A6: TEMU-005 | B6: Temu | C6: 全托管供应商 | D6: 全托管 | E6: 供应商交仓 | F6: 发货单 | G6: Temu全托管发货单 | H6: 发货 | I6: 候选待核 | J6: ERP拟定分类；独立平台单据编码待核 | K6: 平台级接口目录/当前Demo已收录；模式级端点待核 | L6: 未验证（不可推断已获授权） | M6: M-004 | N6: 平台业务单据 | O6: 单据对象按既定业务目录收录；不得直接推断存在独立官方API | P6: https://www.ft.com/content/ff9993d7-969b-48ff-b7e9-d92b842c0645
A7: TTS-001 | B7: TikTok Shop | C7: 本土店 | D7: 自运营 | E7: Seller Shipping 卖家承运商 | F7: 销售订单 | G7: TikTok本土卖家物流订单 | H7: 销售 | I7: 官方证据确认 | J7: ERP拟定分类；独立平台单据编码待核 | K7: 平台级接口目录/当前Demo已收录；模式级端点待核 | L7: 未验证（不可推断已获授权） | M7: M-005 | N7: 平台业务单据 | O7: 美国站官方核实 | P7: https://seller-us.tiktok.com/university/essay?knowledge_id=7740101263378189
A8: TTS-002 | B8: TikTok Shop | C8: 本土店 | D8: 自运营 | E8: TikTok Shipping Standard | F8: 销售订单 | G8: TikTok本土平台物流订单 | H8: 销售 | I8: 官方证据确认 | J8: ERP拟定分类；独立平台单据编码待核 | K8: 平台级接口目录/当前Demo已收录；模式级端点待核 | L8: 未验证（不可推断已获授权） | M8: M-006 | N8: 平台业务单据 | O8: 美国站官方核实 | P8: https://seller-us.tiktok.com/university/essay?knowledge_id=7740101263378189
A9: TTS-003 | B9: TikTok Shop | C9: 本土店 | D9: 自运营 | E9: TikTok Shipping CBT揽收 | F9: 销售订单 | G9: TikTok本土CBT订单 | H9: 销售 | I9: 官方证据确认 | J9: ERP拟定分类；独立平台单据编码待核 | K9: 平台级接口目录/当前Demo已收录；模式级端点待核 | L9: 未验证（不可推断已获授权） | M9: M-007 | N9: 平台业务单据 | O9: CBT为差异化揽收履约，具体市场可用性依站点 | P9: https://seller-us.tiktok.com/university/essay?knowledge_id=7740101263378189
A10: TTS-004 | B10: TikTok Shop | C10: 本土店 | D10: FBT | E10: 卖家备货入TikTok仓 | F10: 入仓单 | G10: TikTok FBT入仓单 | H10: 入仓 | I10: 官方证据确认 | J10: ERP拟定分类；独立平台单据编码待核 | K10: 平台级接口目录/当前Demo已收录；模式级端点待核 | L10: 未验证（不可推断已获授权） | M10: M-008 | N10: 平台业务单据 | O10: 卖家发库存进入官方仓 | P10: https://seller-us.tiktok.com/university/essay?knowledge_id=8644984183162670
A11: TTS-005 | B11: TikTok Shop | C11: 本土店 | D11: FBT | E11: TikTok仓配一体 | F11: 销售订单 | G11: TikTok FBT订单 | H11: 销售 | I11: 官方证据确认 | J11: ERP拟定分类；独立平台单据编码待核 | K11: 平台级接口目录/当前Demo已收录；模式级端点待核 | L11: 未验证（不可推断已获授权） | M11: M-008 | N11: 平台业务单据 | O11: 官方（美国站） | P11: https://seller-us.tiktok.com/university/essay?knowledge_id=8644984183162670
A12: TTS-006 | B12: TikTok Shop | C12: 跨境店 | D12: 跨境自运营 | E12: 跨境平台物流 | F12: 销售订单 | G12: TikTok跨境平台物流订单 | H12: 销售 | I12: 候选待核 | J12: ERP拟定分类；独立平台单据编码待核 | K12: 平台级接口目录/当前Demo已收录；模式级端点待核 | L12: 未验证（不可推断已获授权） | M12: M-009 | N12: 平台业务单据 | O12: 跨境官方模式按站点核实 | P12: https://seller-us.tiktok.com/university/essay?knowledge_id=7740101263378189
... A115: Q10-005 | B115: Qoo10 | C115: 适用经营店铺 | D115: 售后/逆向 | E115: 退货/退款按具体模式判定 | F115: 售后单 | G115: Qoo10售后单 | H115: 逆向 | I115: 候选待核 | J115: ERP拟定分类；独立平台单据编码待核 | K115: 现有V1.0接口库收录平台API；模式映射待核 | L115: 未验证（不可推断已获授权） | M115: M-094 | N115: 平台业务单据 | O115: 统一逆向对象候选，平台退货/退款业务存在不等于已确认独立API单据；实际可再按履约模式拆分 | P115: https://www.qoo10.jp/gmkt.inc/Mobile/Company/jp/SupportGuide.aspx

Sheet 03_接口能力关联
A1: 单据编码 | B1: 单据类型 | C1: 平台 | D1: 平台原始单据对象 | E1: 业务模式 | F1: 模式业务证据 | G1: 公开接口证据情况 | H1: 具体API/字段定位 | I1: 应用授权状态 | J1: 现有Demo可证明 | K1: 后续动作 | L1: 来源链接
A2: TEMU-001 | B2: Temu半托管本地仓订单 | C2: Temu | D2: 销售订单 | E2: 半托管 | F2: 行业证据，官方待核 | G2: 平台级接口目录/当前Demo已收录；模式级端点待核 | H2: 待填：实际接口ID、字段路径、状态/模式辨识字段 | I2: 未验证（不可推断已获授权） | J2: 原有V1.0接口库存在该平台记录；不能证明本单据模式端点可用 | K2: 找官方接口→核功能/国家/店铺权限→验证授权→测试回包字段 | L2: https://www.ft.com/content/5a562326-df49-433d-8e8b-d015a55c46bb
A3: TEMU-002 | B3: Temu Y2订单 | C3: Temu | D3: 销售订单 | E3: Y2（待核） | F3: 候选待核 | G3: 平台级接口目录/当前Demo已收录；模式级端点待核 | H3: 待填：实际接口ID、字段路径、状态/模式辨识字段 | I3: 未验证（不可推断已获授权） | J3: 原有V1.0接口库存在该平台记录；不能证明本单据模式端点可用 | K3: 找官方接口→核功能/国家/店铺权限→验证授权→测试回包字段 | L3: https://ask.cocoloop.cn/news/temu-2026-q4-half-managed-y2-fulfillment
A4: TEMU-003 | B4: Temu本土店订单 | C4: Temu | D4: 销售订单 | E4: Local Seller | F4: 行业证据，官方待核 | G4: 平台级接口目录/当前Demo已收录；模式级端点待核 | H4: 待填：实际接口ID、字段路径、状态/模式辨识字段 | I4: 未验证（不可推断已获授权） | J4: 原有V1.0接口库存在该平台记录；不能证明本单据模式端点可用 | K4: 找官方接口→核功能/国家/店铺权限→验证授权→测试回包字段 | L4: https://www.wsj.com/business/retail/temu-stops-china-shipments-to-u-s-consumers-4dd25d00
A5: TEMU-004 | B5: Temu全托管备货单 | C5: Temu | D5: 备货单 | E5: 全托管 | F5: 行业证据，官方待核 | G5: 平台级接口目录/当前Demo已收录；模式级端点待核 | H5: 待填：实际接口ID、字段路径、状态/模式辨识字段 | I5: 未验证（不可推断已获授权） | J5: 原有V1.0接口库存在该平台记录；不能证明本单据模式端点可用 | K5: 找官方接口→核功能/国家/店铺权限→验证授权→测试回包字段 | L5: https://www.ft.com/content/ff9993d7-969b-48ff-b7e9-d92b842c0645
A6: TEMU-005 | B6: Temu全托管发货单 | C6: Temu | D6: 发货单 | E6: 全托管 | F6: 候选待核 | G6: 平台级接口目录/当前Demo已收录；模式级端点待核 | H6: 待填：实际接口ID、字段路径、状态/模式辨识字段 | I6: 未验证（不可推断已获授权） | J6: 原有V1.0接口库存在该平台记录；不能证明本单据模式端点可用 | K6: 找官方接口→核功能/国家/店铺权限→验证授权→测试回包字段 | L6: https://www.ft.com/content/ff9993d7-969b-48ff-b7e9-d92b842c0645
A7: TTS-001 | B7: TikTok本土卖家物流订单 | C7: TikTok Shop | D7: 销售订单 | E7: 自运营 | F7: 官方证据确认 | G7: 平台级接口目录/当前Demo已收录；模式级端点待核 | H7: 待填：实际接口ID、字段路径、状态/模式辨识字段 | I7: 未验证（不可推断已获授权） | J7: 原有V1.0接口库存在该平台记录；不能证明本单据模式端点可用 | K7: 找官方接口→核功能/国家/店铺权限→验证授权→测试回包字段 | L7: https://seller-us.tiktok.com/university/essay?knowledge_id=7740101263378189
A8: TTS-002 | B8: TikTok本土平台物流订单 | C8: TikTok Shop | D8: 销售订单 | E8: 自运营 | F8: 官方证据确认 | G8: 平台级接口目录/当前Demo已收录；模式级端点待核 | H8: 待填：实际接口ID、字段路径、状态/模式辨识字段 | I8: 未验证（不可推断已获授权） | J8: 原有V1.0接口库存在该平台记录；不能证明本单据模式端点可用 | K8: 找官方接口→核功能/国家/店铺权限→验证授权→测试回包字段 | L8: https://seller-us.tiktok.com/university/essay?knowledge_id=7740101263378189
A9: TTS-003 | B9: TikTok本土CBT订单 | C9: TikTok Shop | D9: 销售订单 | E9: 自运营 | F9: 官方证据确认 | G9: 平台级接口目录/当前Demo已收录；模式级端点待核 | H9: 待填：实际接口ID、字段路径、状态/模式辨识字段 | I9: 未验证（不可推断已获授权） | J9: 原有V1.0接口库存在该平台记录；不能证明本单据模式端点可用 | K9: 找官方接口→核功能/国家/店铺权限→验证授权→测试回包字段 | L9: https://seller-us.tiktok.com/university/essay?knowledge_id=7740101263378189
A10: TTS-004 | B10: TikTok FBT入仓单 | C10: TikTok Shop | D10: 入仓单 | E10: FBT | F10: 官方证据确认 | G10: 平台级接口目录/当前Demo已收录；模式级端点待核 | H10: 待填：实际接口ID、字段路径、状态/模式辨识字段 | I10: 未验证（不可推断已获授权） | J10: 原有V1.0接口库存在该平台记录；不能证明本单据模式端点可用 | K10: 找官方接口→核功能/国家/店铺权限→验证授权→测试回包字段 | L10: https://seller-us.tiktok.com/university/essay?knowledge_id=8644984183162670
A11: TTS-005 | B11: TikTok FBT订单 | C11: TikTok Shop | D11: 销售订单 | E11: FBT | F11: 官方证据确认 | G11: 平台级接口目录/当前Demo已收录；模式级端点待核 | H11: 待填：实际接口ID、字段路径、状态/模式辨识字段 | I11: 未验证（不可推断已获授权） | J11: 原有V1.0接口库存在该平台记录；不能证明本单据模式端点可用 | K11: 找官方接口→核功能/国家/店铺权限→验证授权→测试回包字段 | L11: https://seller-us.tiktok.com/university/essay?knowledge_id=8644984183162670
A12: TTS-006 | B12: TikTok跨境平台物流订单 | C12: TikTok Shop | D12: 销售订单 | E12: 跨境自运营 | F12: 候选待核 | G12: 平台级接口目录/当前Demo已收录；模式级端点待核 | H12: 待填：实际接口ID、字段路径、状态/模式辨识字段 | I12: 未验证（不可推断已获授权） | J12: 原有V1.0接口库存在该平台记录；不能证明本单据模式端点可用 | K12: 找官方接口→核功能/国家/店铺权限→验证授权→测试回包字段 | L12: https://seller-us.tiktok.com/university/essay?knowledge_id=7740101263378189
... A115: Q10-005 | B115: Qoo10售后单 | C115: Qoo10 | D115: 售后单 | E115: 售后/逆向 | F115: 候选待核 | G115: 现有V1.0接口库收录平台API；模式映射待核 | H115: 待填：实际接口ID、字段路径、状态/模式辨识字段 | I115: 未验证（不可推断已获授权） | J115: 原有V1.0接口库存在该平台记录；不能证明本单据模式端点可用 | K115: 找官方接口→核功能/国家/店铺权限→验证授权→测试回包字段 | L115: https://www.qoo10.jp/gmkt.inc/Mobile/Company/jp/SupportGuide.aspx

Sheet 04_待核事项
A1: 优先级 | B1: 平台 | C1: 单据类型 | D1: 风险分类 | E1: 待核事项 | F1: 核验手段 | G1: 业务参考链接
A2: P1 | B2: Temu | C2: Temu半托管本地仓订单 | D2: 模式/单据真实性 | E2: 业务已知，但需要官方按站点确认 | F2: 官方商家中心／接口文档＋真实样本核对 | G2: https://www.ft.com/content/5a562326-df49-433d-8e8b-d015a55c46bb
A3: P0 | B3: Temu | C3: Temu Y2订单 | D3: 模式/单据真实性 | E3: 需官方证明业务模式/单据独立性；不能仅凭物流/供货方式判断 | F3: 官方商家中心／接口文档＋真实样本核对 | G3: https://ask.cocoloop.cn/news/temu-2026-q4-half-managed-y2-fulfillment
A4: P1 | B4: Temu | C4: Temu本土店订单 | D4: 模式/单据真实性 | E4: 业务已知，但需要官方按站点确认 | F4: 官方商家中心／接口文档＋真实样本核对 | G4: https://www.wsj.com/business/retail/temu-stops-china-shipments-to-u-s-consumers-4dd25d00
A5: P1 | B5: Temu | C5: Temu全托管备货单 | D5: 模式/单据真实性 | E5: 业务已知，但需要官方按站点确认 | F5: 官方商家中心／接口文档＋真实样本核对 | G5: https://www.ft.com/content/ff9993d7-969b-48ff-b7e9-d92b842c0645
A6: P0 | B6: Temu | C6: Temu全托管发货单 | D6: 模式/单据真实性 | E6: 需官方证明业务模式/单据独立性；不能仅凭物流/供货方式判断 | F6: 官方商家中心／接口文档＋真实样本核对 | G6: https://www.ft.com/content/ff9993d7-969b-48ff-b7e9-d92b842c0645
A7: P0 | B7: TikTok Shop | C7: TikTok跨境平台物流订单 | D7: 模式/单据真实性 | E7: 需官方证明业务模式/单据独立性；不能仅凭物流/供货方式判断 | F7: 官方商家中心／接口文档＋真实样本核对 | G7: https://seller-us.tiktok.com/university/essay?knowledge_id=7740101263378189
A8: P0 | B8: TikTok Shop | C8: TikTok跨境卖家物流订单 | D8: 模式/单据真实性 | E8: 需官方证明业务模式/单据独立性；不能仅凭物流/供货方式判断 | F8: 官方商家中心／接口文档＋真实样本核对 | G8: https://seller-us.tiktok.com/university/essay?knowledge_id=7740101263378189
A9: P0 | B9: TikTok Shop | C9: TikTok半托管订单 | D9: 模式/单据真实性 | E9: 需官方证明业务模式/单据独立性；不能仅凭物流/供货方式判断 | F9: 官方商家中心／接口文档＋真实样本核对 | G9: https://seller-us.tiktok.com/university/essay?knowledge_id=7740101263378189
A10: P0 | B10: TikTok Shop | C10: TikTok全托管备货单 | D10: 模式/单据真实性 | E10: 需官方证明业务模式/单据独立性；不能仅凭物流/供货方式判断 | F10: 官方商家中心／接口文档＋真实样本核对 | G10: https://seller-us.tiktok.com/university/essay?knowledge_id=7740101263378189
A11: P1 | B11: Shopee | C11: Shopee SLS跨境直邮订单 | D11: 模式/单据真实性 | E11: 业务已知，但需要官方按站点确认 | F11: 官方商家中心／接口文档＋真实样本核对 | G11: https://shopee.mobduos.com/article/operate/32369
A12: P0 | B12: Shopee | C12: Shopee 3PF订单 | D12: 模式/单据真实性 | E12: 需官方证明业务模式/单据独立性；不能仅凭物流/供货方式判断 | F12: 官方商家中心／接口文档＋真实样本核对 | G12: https://shopee.mobduos.com/article/operate/32369
... A57: P1 | B57: Qoo10 | C57: Qoo10售后单 | D57: 模式/单据真实性 | E57: 需官方证明业务模式/单据独立性；不能仅凭物流/供货方式判断 | F57: 官方商家中心／接口文档＋真实样本核对 | G57: https://www.qoo10.jp/gmkt.inc/Mobile/Company/jp/SupportGuide.aspx

Sheet 05_通用派生关系
A1: 上游业务对象 | B1: ERP衍生对象 | C1: 关联基数（建议） | D1: 边界说明 | E1: 是否定义为平台单据类型
A2: 销售订单 | B2: 发货通知单 | C2: 1:N（按发货计划/拆合结果） | D2: 一笔销售单可以分批履约 | E2: 否；ERP/OMS内部单据
A3: 发货通知单 | B3: 仓出库单 | C3: 1:N | D3: 依据实际仓库、波次、分仓出库 | E3: 否；WMS单据
A4: 仓出库单 | B4: 包裹 | C4: 1:N | D4: 一张出库单可形成多个包裹 | E4: 否；履约对象
A5: 包裹 | B5: 物流单 | C5: 1:1或1:N | D5: 换单/多段运输允许多物流单 | E5: 否；物流域单据
A6: 平台供货单/备货单 | B6: ERP采购单 | C6: 1:N（按供货与执行） | D6: 平台备货对象不等于ERP采购单 | E6: 需按对象和来源分开
A7: 平台供货入仓申请 | B7: 仓入库通知单 | C7: 1:N | D7: 平台交仓和WMS入库不是同一张单据 | E7: 否；内部履约单据
A8: 平台售后单 | B8: 退货入库单 | C8: 0:N | D8: 部分仅退款，实物退货可能晚于售后申请 | E8: 否；平台对象与内部对象分开
A9: 平台售后单 | B9: 退款单 | C9: 0:N | D9: 退款与退货可独立触发 | E9: 否；内部结算/退款对象
